bridge_id,mean_total_delay,std,ci95
1018,90257.10686979232,1083.8028390939078,671.7479591943708
950,50471.87174614951,989.4203976313929,613.2491159091551
1000,50221.289406447744,901.9840576692104,559.0555109374927
1090,49536.77043032211,785.2479343168623,486.7017120751817
1111,49090.239124204425,484.0165127242748,299.9965426467533
46,0.0,0.0,0.0
76,0.0,0.0,0.0
21,0.0,0.0,0.0
22,0.0,0.0,0.0
24,0.0,0.0,0.0
