bridge_id,mean_total_delay,std,ci95
1018,90560.04014927805,543.9792676079138,337.16184316804737
950,51245.48276871479,606.793058234363,376.09423395035617
1000,50614.544002241586,354.6139082268151,219.79197743424882
1090,49554.5313677317,565.1194140179008,350.26464166214555
1111,49456.998893527394,573.0450196554875,355.17698292975035
46,0.0,0.0,0.0
76,0.0,0.0,0.0
21,0.0,0.0,0.0
22,0.0,0.0,0.0
24,0.0,0.0,0.0
